Sample,Copy_number_change,Individual,Chrom,Class,Start,End,Reliable
PD49229b_lo0348,Chr16p_UPD,BCL002,16,UPD,60291,35280096,Y
PD49229b_lo0364,Chr16q_UPD,BCL002,16,UPD,46387351,90292766,Y
PD49229b_lo0565,Chr16q_UPD,BCL002,16,UPD,46387351,90292766,Y
PD49228b_lo0327,Chr6p_UPD,BCL004,6,UPD,100116,26162679,Y
PD49226b_lo0051,Chr16q_UPD,BCL009,16,UPD,46387351,90292766,Y
PD49227b_lo0189,Chr10p_del,BCL008,10,del,60969,20257692,Y
PD49229b_lo0989,Chr16p_UPD,BCL002,16,UPD,60291,9813072,Y
PD49228b_lo0406,Chr10_UPD,BCL004,10,UPD,60969,135524334,Y
PD49229b_lo0112,ChrY_del,BCL002,Y,del,2657176,28769098,Y
PD53373b_lo0285,"Chr4q_del,Chr9p_dup,Chr16q_dup",BCL003,"4,9,16","del,dup",,,N
PD53373b_lo0538,Chro20q_del,BCL003,20,del,,,N
PD53373b_lo0389,Chr21p_dup,BCL003,21,dup,,,N
PD53374b_lo0040,Chr14q_UPD,BCL006,14,UPD,,,Y